PassengerId,Pclass,Sex,Age,SibSp,Parch,Fare,Embarked
332,1,1,45.5,0,0,28.5,2
734,2,1,23.0,0,0,13.0,2
383,3,1,32.0,0,0,7.925,2
705,3,1,26.0,1,0,7.8542,2
814,3,0,6.0,4,2,31.275,2
119,1,1,24.0,0,1,247.5208,0
537,1,1,45.0,0,0,26.55,2
362,2,1,29.0,1,0,27.7208,0
30,3,1,28.0,0,0,7.8958,2
56,1,1,28.0,0,0,35.5,2
866,2,0,42.0,0,0,13.0,2
596,3,1,36.0,1,1,24.15,2
240,2,1,33.0,0,0,12.275,2
722,3,1,17.0,1,0,7.0542,2
82,3,1,29.0,0,0,9.5,2
260,2,0,50.0,0,1,26.0,2
487,1,0,35.0,1,0,90.0,2
717,1,0,38.0,0,0,227.525,0
801,2,1,34.0,0,0,13.0,2
782,1,0,17.0,1,0,57.0,2
543,3,0,11.0,4,2,31.275,2
327,3,1,61.0,0,0,6.2375,2
535,3,0,30.0,0,0,8.6625,2
536,2,0,7.0,0,2,26.25,2
484,3,0,63.0,0,0,9.5875,2
763,3,1,20.0,0,0,7.2292,0
534,3,0,28.0,0,2,22.3583,0
714,3,1,29.0,0,0,9.4833,2
391,1,1,36.0,1,2,120.0,2
496,3,1,28.0,0,0,14.4583,0
483,3,1,50.0,0,0,8.05,2
378,1,1,27.0,0,2,211.5,0
366,3,1,30.0,0,0,7.25,2
413,1,0,33.0,1,0,90.0,1
469,3,1,28.0,0,0,7.725,1
410,3,0,28.0,3,1,25.4667,2
8,3,1,2.0,3,1,21.075,2
581,2,0,25.0,1,1,30.0,2
156,1,1,51.0,0,1,61.3792,0
881,2,0,25.0,0,1,26.0,2
426,3,1,28.0,0,0,7.25,2
102,3,1,28.0,0,0,7.8958,2
200,2,0,24.0,0,0,13.0,2
425,3,1,18.0,1,1,20.2125,2
299,1,1,28.0,0,0,30.5,2
885,3,1,25.0,0,0,7.05,2
248,2,0,24.0,0,2,14.5,2
479,3,1,22.0,0,0,7.5208,2
306,1,1,0.92,1,2,151.55,2
317,2,0,24.0,1,0,26.0,2
3,3,0,26.0,0,0,7.925,2
406,2,1,34.0,1,0,21.0,2
743,1,0,21.0,2,2,262.375,0
261,3,1,28.0,0,0,7.75,1
368,3,0,28.0,0,0,7.2292,0
159,3,1,28.0,0,0,8.6625,2
555,3,0,22.0,0,0,7.775,2
830,1,0,62.0,0,0,80.0,2
678,3,0,18.0,0,0,9.8417,2
381,1,0,42.0,0,0,227.525,0
627,2,1,57.0,0,0,12.35,1
303,3,1,19.0,0,0,0.0,2
433,2,0,42.0,1,0,26.0,2
523,3,1,28.0,0,0,7.225,0
405,3,0,20.0,0,0,8.6625,2
844,3,1,34.5,0,0,6.4375,0
356,3,1,28.0,0,0,9.5,2
465,3,1,28.0,0,0,8.05,2
754,3,1,23.0,0,0,7.8958,2
213,3,1,22.0,0,0,7.25,2
450,1,1,52.0,0,0,30.5,2
80,3,0,30.0,0,0,12.475,2
149,2,1,36.5,0,2,26.0,2
429,3,1,28.0,0,0,7.75,1
61,3,1,22.0,0,0,7.2292,0
661,1,1,50.0,2,0,133.65,2
805,3,1,27.0,0,0,6.975,2
589,3,1,22.0,0,0,8.05,2
766,1,0,51.0,1,0,77.9583,2
266,2,1,36.0,0,0,10.5,2
134,2,0,29.0,1,0,26.0,2
709,1,0,22.0,0,0,151.55,2
545,1,1,50.0,1,0,106.425,0
347,2,0,40.0,0,0,13.0,2
822,3,1,27.0,0,0,8.6625,2
634,1,1,28.0,0,0,0.0,2
457,1,1,65.0,0,0,26.55,2
501,3,1,17.0,0,0,8.6625,2
431,1,1,28.0,0,0,26.55,2
446,1,1,4.0,0,2,81.8583,2
651,3,1,28.0,0,0,7.8958,2
173,3,0,1.0,1,1,11.1333,2
451,2,1,36.0,1,2,27.75,2
315,2,1,43.0,1,1,26.25,2
333,1,1,38.0,0,1,153.4625,2
802,2,0,31.0,1,1,26.25,2
91,3,1,29.0,0,0,8.05,2
835,3,1,18.0,0,0,8.3,2
182,2,1,28.0,0,0,15.05,0
582,1,0,39.0,1,1,110.8833,0
796,2,1,39.0,0,0,13.0,2
70,3,1,26.0,2,0,8.6625,2
132,3,1,20.0,0,0,7.05,2
335,1,0,28.0,1,0,133.65,2
598,3,1,49.0,0,0,0.0,2
136,2,1,23.0,0,0,15.0458,0
165,3,1,1.0,4,1,39.6875,2
29,3,0,28.0,0,0,7.8792,1
784,3,1,28.0,1,2,23.45,2
194,2,1,3.0,1,1,26.0,2
870,3,1,4.0,1,1,11.1333,2
716,3,1,19.0,0,0,7.65,2
526,3,1,40.5,0,0,7.75,1
382,3,0,1.0,0,2,15.7417,0
141,3,0,28.0,0,2,15.2458,0
174,3,1,21.0,0,0,7.925,2
7,1,1,54.0,0,0,51.8625,2
719,3,1,28.0,0,0,15.5,1
686,2,1,25.0,1,2,41.5792,0
74,3,1,26.0,1,0,14.4542,0
883,3,0,22.0,0,0,10.5167,2
329,3,0,31.0,1,1,20.525,2
454,1,1,49.0,1,0,89.1042,0
146,2,1,19.0,1,1,36.75,2
235,2,1,24.0,0,0,10.5,2
221,3,1,16.0,0,0,8.05,2
371,1,1,25.0,1,0,55.4417,0
812,3,1,39.0,0,0,24.15,2
133,3,0,47.0,1,0,14.5,2
695,1,1,60.0,0,0,26.55,2
865,2,1,24.0,0,0,13.0,2
186,1,1,28.0,0,0,50.0,2
42,2,0,27.0,1,0,21.0,2
548,2,1,28.0,0,0,13.8625,0
109,3,1,38.0,0,0,7.8958,2
604,3,1,44.0,0,0,8.05,2
57,2,0,21.0,0,0,10.5,2
395,3,0,24.0,0,2,16.7,2
707,2,0,45.0,0,0,13.5,2
550,2,1,8.0,1,1,36.75,2
25,3,0,8.0,3,1,21.075,2
352,1,1,28.0,0,0,35.0,2
430,3,1,32.0,0,0,8.05,2
435,1,1,50.0,1,0,55.9,2
52,3,1,21.0,0,0,7.8,2
527,2,0,50.0,0,0,10.5,2
817,3,0,23.0,0,0,7.925,2
570,3,1,32.0,0,0,7.8542,2
265,3,0,28.0,0,0,7.75,1
437,3,0,21.0,2,2,34.375,2
614,3,1,28.0,0,0,7.75,1
694,3,1,25.0,0,0,7.225,0
353,3,1,15.0,1,1,7.2292,0
19,3,0,31.0,1,0,18.0,2
667,2,1,25.0,0,0,13.0,2
583,2,1,54.0,0,0,26.0,2
84,1,1,28.0,0,0,47.1,2
62,1,0,38.0,0,0,80.0,2
273,2,0,41.0,0,1,19.5,2
286,3,1,33.0,0,0,8.6625,0
696,2,1,52.0,0,0,13.5,2
747,3,1,16.0,1,1,20.25,2
13,3,1,20.0,0,0,8.05,2
183,3,1,9.0,4,2,31.3875,2
445,3,1,28.0,0,0,8.1125,2
553,3,1,28.0,0,0,7.8292,1
224,3,1,28.0,0,0,7.8958,2
514,1,0,54.0,1,0,59.4,0
629,3,1,26.0,0,0,7.8958,2
588,1,1,60.0,1,1,79.2,0
693,3,1,28.0,0,0,56.4958,2
524,1,0,44.0,0,1,57.9792,0
665,3,1,20.0,1,0,7.925,2
177,3,1,28.0,3,1,25.4667,2
842,2,1,16.0,0,0,10.5,2
679,3,0,43.0,1,6,46.9,2
164,3,1,17.0,0,0,8.6625,2
249,1,1,37.0,1,1,52.5542,2
571,2,1,62.0,0,0,10.5,2
788,3,1,8.0,4,1,29.125,1
75,3,1,32.0,0,0,56.4958,2
114,3,0,20.0,1,0,9.825,2
636,2,0,28.0,0,0,13.0,2
502,3,0,21.0,0,0,7.75,1
105,3,1,37.0,2,0,7.925,2
115,3,0,17.0,0,0,14.4583,0
369,3,0,28.0,0,0,7.75,1
93,1,1,46.0,1,0,61.175,2
498,3,1,28.0,0,0,15.1,2
90,3,1,24.0,0,0,8.05,2
337,1,1,29.0,1,0,66.6,2
880,1,0,56.0,0,1,83.1583,0
818,2,1,31.0,1,1,37.0042,0
829,3,1,28.0,0,0,7.75,1
544,2,1,32.0,1,0,26.0,2
549,3,1,33.0,1,1,20.525,2
95,3,1,59.0,0,0,7.25,2
12,1,0,58.0,0,0,26.55,2
432,3,0,28.0,1,0,16.1,2
44,2,0,3.0,1,2,41.5792,0
43,3,1,28.0,0,0,7.8958,0
330,1,0,16.0,0,1,57.9792,0
168,3,0,45.0,1,4,27.9,2
780,1,0,43.0,0,1,211.3375,2
538,1,0,30.0,0,0,106.425,0
736,3,1,28.5,0,0,16.1,2
500,3,1,24.0,0,0,7.7958,2
179,2,1,30.0,0,0,13.0,2
584,1,1,36.0,0,0,40.125,0
785,3,1,25.0,0,0,7.05,2
594,3,0,28.0,0,2,7.75,1
178,1,0,50.0,0,0,28.7125,0
645,3,0,0.75,2,1,19.2583,0
711,1,0,24.0,0,0,49.5042,0
616,2,0,24.0,1,2,65.0,2
384,1,0,35.0,1,0,52.0,2
258,1,0,30.0,0,0,86.5,2
735,2,1,23.0,0,0,13.0,2
336,3,1,28.0,0,0,7.8958,2
552,2,1,27.0,0,0,26.0,2
16,2,0,55.0,0,0,16.0,2
4,1,0,35.0,1,0,53.1,2
412,3,1,28.0,0,0,6.8583,1
257,1,0,28.0,0,0,79.2,0
452,3,1,28.0,1,0,19.9667,2
474,2,0,23.0,0,0,13.7917,0
698,3,0,28.0,0,0,7.7333,1
394,1,0,23.0,1,0,113.275,0
223,3,1,51.0,0,0,8.05,2
507,2,0,33.0,0,2,26.0,2
568,3,0,29.0,0,4,21.075,2
421,3,1,28.0,0,0,7.8958,0
325,3,1,28.0,8,2,69.55,2
531,2,0,2.0,1,1,26.0,2
10,2,0,14.0,1,0,30.0708,0
250,2,1,54.0,1,0,26.0,2
23,3,0,15.0,0,0,8.0292,1
357,1,0,22.0,0,1,55.0,2
222,2,1,27.0,0,0,13.0,2
602,3,1,28.0,0,0,7.8958,2
767,1,1,28.0,0,0,39.6,0
875,2,0,28.0,1,0,24.0,0
529,3,1,39.0,0,0,7.925,2
341,2,1,2.0,1,1,26.0,2
744,3,1,24.0,1,0,16.1,2
520,3,1,32.0,0,0,7.8958,2
204,3,1,45.5,0,0,7.225,0
238,2,0,8.0,0,2,26.25,2
94,3,1,26.0,1,2,20.575,2
731,1,0,29.0,0,0,211.3375,2
441,2,0,45.0,1,1,26.25,2
560,3,0,36.0,1,0,17.4,2
285,1,1,28.0,0,0,26.0,2
185,3,0,4.0,0,2,22.025,2
792,2,1,16.0,0,0,26.0,2
488,1,1,58.0,0,0,29.7,0
154,3,1,40.5,0,2,14.5,2
76,3,1,25.0,0,0,7.65,2
657,3,1,28.0,0,0,7.8958,2
632,3,1,51.0,0,0,7.0542,2
278,2,1,28.0,0,0,0.0,2
69,3,0,17.0,4,2,7.925,2
826,3,1,28.0,0,0,6.95,1
189,3,1,40.0,1,1,15.5,1
272,3,1,25.0,0,0,0.0,2
663,1,1,47.0,0,0,25.5875,2
712,1,1,28.0,0,0,26.55,2
237,2,1,44.0,1,0,26.0,2
89,1,0,23.0,3,2,263.0,2
758,2,1,18.0,0,0,11.5,2
118,2,1,29.0,1,0,21.0,2
126,3,1,12.0,1,0,11.2417,0
732,3,1,11.0,0,0,18.7875,0
290,3,0,22.0,0,0,7.75,1
239,2,1,19.0,0,0,10.5,2
1,3,1,22.0,1,0,7.25,2
882,3,1,33.0,0,0,7.8958,2
468,1,1,56.0,0,0,26.55,2
828,2,1,1.0,0,2,37.0042,0
396,3,1,22.0,0,0,7.7958,2
532,3,1,28.0,0,0,7.2292,0
127,3,1,28.0,0,0,7.75,1
279,3,1,7.0,4,1,29.125,1
692,3,0,4.0,0,1,13.4167,0
117,3,1,70.5,0,0,7.75,1
229,2,1,18.0,0,0,13.0,2
623,3,1,20.0,1,1,15.7417,0
656,2,1,24.0,2,0,73.5,2
599,3,1,28.0,0,0,7.225,0
517,2,0,34.0,0,0,10.5,2
275,3,0,28.0,0,0,7.75,1
319,1,0,31.0,0,2,164.8667,2
607,3,1,30.0,0,0,7.8958,2
145,2,1,18.0,0,0,11.5,2
635,3,0,9.0,3,2,27.9,2
559,1,0,39.0,1,1,79.65,2
810,1,0,33.0,1,0,53.1,2
746,1,1,70.0,1,1,71.0,2
370,1,0,24.0,0,0,69.3,0
269,1,0,58.0,0,1,153.4625,2
624,3,1,21.0,0,0,7.8542,2
308,1,0,17.0,1,0,108.9,0
424,3,0,28.0,1,1,14.4,2
311,1,0,24.0,0,0,83.1583,0
355,3,1,28.0,0,0,7.225,0
47,3,1,28.0,1,0,15.5,1
350,3,1,42.0,0,0,8.6625,2
372,3,1,18.0,1,0,6.4958,2
480,3,0,2.0,0,1,12.2875,2
577,2,0,34.0,0,0,13.0,2
262,3,1,3.0,4,2,31.3875,2
196,1,0,58.0,0,0,146.5208,0
891,3,1,32.0,0,0,7.75,1
745,3,1,31.0,0,0,7.925,2
108,3,1,28.0,0,0,7.775,2
867,2,0,27.0,1,0,13.8583,0
60,3,1,11.0,5,2,46.9,2
659,2,1,23.0,0,0,13.0,2
264,1,1,40.0,0,0,0.0,2
569,3,1,28.0,0,0,7.2292,0
101,3,0,28.0,0,0,7.8958,2
444,2,0,28.0,0,0,13.0,2
491,3,1,28.0,1,0,19.9667,2
688,3,1,19.0,0,0,10.1708,2
800,3,0,30.0,1,1,24.15,2
641,3,1,20.0,0,0,7.8542,2
170,3,1,28.0,0,0,56.4958,2
180,3,1,36.0,0,0,0.0,2
305,3,1,28.0,0,0,8.05,2
342,1,0,24.0,3,2,263.0,2
58,3,1,28.5,0,0,7.2292,0
859,3,0,24.0,0,3,19.2583,0
150,2,1,42.0,0,0,13.0,2
125,1,1,54.0,0,1,77.2875,2
704,3,1,25.0,0,0,7.7417,1
51,3,1,7.0,4,1,39.6875,2
354,3,1,25.0,1,0,17.8,2
824,3,0,27.0,0,1,12.475,2
143,3,0,24.0,1,0,15.85,2
471,3,1,28.0,0,0,7.25,2
400,2,0,28.0,0,0,12.65,2
576,3,1,19.0,0,0,14.5,2
321,3,1,22.0,0,0,7.25,2
20,3,0,28.0,0,0,7.225,0
793,3,0,28.0,8,2,69.55,2
708,1,1,42.0,0,0,26.2875,2
724,2,1,50.0,0,0,13.0,2
408,2,1,3.0,1,1,18.75,2
558,1,1,28.0,0,0,227.525,0
39,3,0,18.0,2,0,18.0,2
176,3,1,18.0,1,1,7.8542,2
246,1,1,44.0,2,0,90.0,1
741,1,1,28.0,0,0,30.0,2
603,1,1,28.0,0,0,42.4,2
769,3,1,28.0,1,0,24.15,1
765,3,1,16.0,0,0,7.775,2
155,3,1,28.0,0,0,7.3125,2
288,3,1,22.0,0,0,7.8958,2
751,2,0,4.0,1,1,23.0,2
18,2,1,28.0,0,0,13.0,2
128,3,1,24.0,0,0,7.1417,2
323,2,0,30.0,0,0,12.35,1
256,3,0,29.0,0,2,15.2458,0
771,3,1,24.0,0,0,9.5,2
857,1,0,45.0,1,1,164.8667,2
191,2,0,32.0,0,0,13.0,2
116,3,1,21.0,0,0,7.925,2
738,1,1,35.0,0,0,512.3292,0
181,3,0,28.0,8,2,69.55,2
302,3,1,28.0,2,0,23.25,1
680,1,1,36.0,0,1,512.3292,0
639,3,0,41.0,0,5,39.6875,2
650,3,0,23.0,0,0,7.55,2
617,3,1,34.0,1,1,14.4,2
597,2,0,28.0,0,0,33.0,2
518,3,1,28.0,0,0,24.15,1
876,3,0,15.0,0,0,7.225,0
46,3,1,28.0,0,0,8.05,2
808,3,0,18.0,0,0,7.775,2
158,3,1,30.0,0,0,8.05,2
666,2,1,32.0,2,0,73.5,2
172,3,1,4.0,4,1,29.125,1
17,3,1,2.0,4,1,29.125,1
512,3,1,28.0,0,0,8.05,2
49,3,1,28.0,2,0,21.6792,0
863,1,0,48.0,0,0,25.9292,2
750,3,1,31.0,0,0,7.75,1
516,1,1,47.0,0,0,34.0208,2
618,3,0,26.0,1,0,16.1,2
481,3,1,9.0,5,2,46.9,2
284,3,1,19.0,0,0,8.05,2
590,3,1,28.0,0,0,8.05,2
226,3,1,22.0,0,0,9.35,2
27,3,1,28.0,0,0,7.225,0
849,2,1,28.0,0,1,33.0,2
438,2,0,24.0,2,3,18.75,2
845,3,1,17.0,0,0,8.6625,2
365,3,1,28.0,1,0,15.5,1
230,3,0,28.0,3,1,25.4667,2
38,3,1,21.0,0,0,8.05,2
858,1,1,51.0,0,0,26.55,2
375,3,0,3.0,3,1,21.075,2
470,3,0,0.75,2,1,19.2583,0
860,3,1,28.0,0,0,7.2292,0
759,3,1,34.0,0,0,8.05,2
652,2,0,18.0,0,1,23.0,2
195,1,0,44.0,0,0,27.7208,0
761,3,1,28.0,0,0,14.5,2
869,3,1,28.0,0,0,9.5,2
504,3,0,37.0,0,0,9.5875,2
862,2,1,21.0,1,0,11.5,2
742,1,1,36.0,1,0,78.85,2
580,3,1,32.0,0,0,7.925,2
889,3,0,28.0,1,2,23.45,2
163,3,1,26.0,0,0,7.775,2
631,1,1,80.0,0,0,30.0,2
153,3,1,55.5,0,0,8.05,2
685,2,1,60.0,1,1,39.0,2
630,3,1,28.0,0,0,7.7333,1
676,3,1,18.0,0,0,7.775,2
112,3,0,14.5,1,0,14.4542,0
227,2,1,19.0,0,0,10.5,2
619,2,0,4.0,2,1,39.0,2
104,3,1,33.0,0,0,8.6542,2
422,3,1,21.0,0,0,7.7333,1
420,3,0,10.0,0,2,24.15,2
587,2,1,47.0,0,0,15.0,2
120,3,0,2.0,4,2,31.275,2
54,2,0,29.0,1,0,26.0,2
152,1,0,22.0,1,0,66.6,2
404,3,1,28.0,1,0,15.85,2
840,1,1,28.0,0,0,29.7,0
208,3,1,26.0,0,0,18.7875,0
753,3,1,33.0,0,0,9.5,2
718,2,0,27.0,0,0,10.5,2
9,3,0,27.0,0,2,11.1333,2
723,2,1,34.0,0,0,13.0,2
37,3,1,28.0,0,0,7.2292,0
453,1,1,30.0,0,0,27.75,0
254,3,1,30.0,1,0,16.1,2
304,2,0,28.0,0,0,12.35,1
668,3,1,28.0,0,0,7.775,2
572,1,0,53.0,2,0,51.4792,2
637,3,1,32.0,0,0,7.925,2
715,2,1,52.0,0,0,13.0,2
263,1,1,52.0,1,1,79.65,2
611,3,0,39.0,1,5,31.275,2
298,1,0,2.0,1,2,151.55,2
415,3,1,44.0,0,0,7.925,2
151,2,1,51.0,0,0,12.525,2
706,2,1,39.0,0,0,26.0,2
790,1,1,46.0,0,0,79.2,0
551,1,1,17.0,0,2,110.8833,0
489,3,1,30.0,0,0,8.05,2
148,3,0,9.0,2,2,34.375,2
147,3,1,27.0,0,0,7.7958,2
837,3,1,21.0,0,0,8.6625,2
827,3,1,28.0,0,0,56.4958,2
871,3,1,26.0,0,0,7.8958,2
349,3,1,3.0,1,1,15.9,2
464,2,1,48.0,0,0,13.0,2
326,1,0,36.0,0,0,135.6333,0
187,3,0,28.0,1,0,15.5,1
124,2,0,32.5,0,0,13.0,2
760,1,0,33.0,0,0,86.5,2
609,2,0,22.0,1,2,41.5792,0
144,3,1,19.0,0,0,6.75,1
852,3,1,74.0,0,0,7.775,2
198,3,1,42.0,0,1,8.4042,2
610,1,0,40.0,0,0,153.4625,2
280,3,0,35.0,1,1,20.25,2
294,3,0,24.0,0,0,8.85,2
401,3,1,39.0,0,0,7.925,2
123,2,1,32.5,1,0,30.0708,0
184,2,1,1.0,2,1,39.0,2
203,3,1,34.0,0,0,6.4958,2
439,1,1,64.0,1,4,263.0,2
247,3,0,25.0,0,0,7.775,2
416,3,0,28.0,0,0,8.05,2
789,3,1,1.0,1,2,20.575,2
130,3,1,45.0,0,0,6.975,2
638,2,1,31.0,1,1,26.25,2
403,3,0,21.0,1,0,9.825,2
795,3,1,25.0,0,0,7.8958,2
690,1,0,15.0,0,1,211.3375,2
811,3,1,26.0,0,0,7.8875,2
220,2,1,30.0,0,0,10.5,2
642,1,0,24.0,0,0,69.3,0
813,2,1,35.0,0,0,10.5,2
673,2,1,70.0,0,0,10.5,2
816,1,1,28.0,0,0,0.0,2
625,3,1,21.0,0,0,16.1,2
856,3,0,18.0,0,1,9.35,2
681,3,0,28.0,0,0,8.1375,1
387,3,1,1.0,5,2,46.9,2
864,3,0,28.0,8,2,69.55,2
510,3,1,26.0,0,0,56.4958,2
268,3,1,25.0,1,0,7.775,2
733,2,1,28.0,0,0,0.0,2
442,3,1,20.0,0,0,9.5,2
497,1,0,54.0,1,0,78.2667,0
113,3,1,22.0,0,0,8.05,2
233,2,1,59.0,0,0,13.5,2
775,2,0,54.0,1,3,23.0,2
608,1,1,27.0,0,0,30.5,2
672,1,1,31.0,1,0,52.0,2
374,1,1,22.0,0,0,135.6333,0
873,1,1,33.0,0,0,5.0,2
752,3,1,6.0,0,1,12.475,2
234,3,0,5.0,4,2,31.3875,2
807,1,1,39.0,0,0,0.0,2
677,3,1,24.5,0,0,8.05,2
318,2,1,54.0,0,0,14.0,2
649,3,1,28.0,0,0,7.55,2
411,3,1,28.0,0,0,7.8958,2
799,3,1,30.0,0,0,7.2292,0
359,3,0,28.0,0,0,7.8792,1
259,1,0,35.0,0,0,512.3292,0
628,1,0,21.0,0,0,77.9583,2
633,1,1,32.0,0,0,30.5,0
283,3,1,16.0,0,0,9.5,2
377,3,0,22.0,0,0,7.25,2
385,3,1,28.0,0,0,7.8958,2
225,1,1,38.0,1,0,90.0,2
847,3,1,28.0,8,2,69.55,2
729,2,1,25.0,1,0,26.0,2
473,2,0,33.0,1,2,27.75,2
348,3,0,28.0,1,0,16.1,2
506,1,1,18.0,1,0,108.9,0
640,3,1,28.0,1,0,16.1,2
879,3,1,28.0,0,0,7.8958,2
825,3,1,2.0,4,1,39.6875,2
804,3,1,0.42,0,1,8.5167,0
620,2,1,26.0,0,0,10.5,2
762,3,1,41.0,0,0,7.125,2
646,1,1,48.0,1,0,76.7292,0
755,2,0,48.0,1,2,65.0,2
557,1,0,48.0,1,0,39.6,0
851,3,1,4.0,4,2,31.275,2
578,1,0,39.0,1,0,55.9,2
86,3,0,33.0,3,0,15.85,2
243,2,1,29.0,0,0,10.5,2
699,1,1,49.0,1,1,110.8833,0
160,3,1,28.0,8,2,69.55,2
525,3,1,28.0,0,0,7.2292,0
36,1,1,42.0,1,0,52.0,2
541,1,0,36.0,0,2,71.0,2
171,1,1,61.0,0,0,33.5,2
655,3,0,18.0,0,0,6.75,1
787,3,0,18.0,0,0,7.4958,2
756,2,1,0.67,1,1,14.5,2
839,3,1,32.0,0,0,56.4958,2
96,3,1,28.0,0,0,8.05,2
564,3,1,28.0,0,0,8.05,2
241,3,0,28.0,1,0,14.4542,0
575,3,1,16.0,0,0,8.05,2
691,1,1,31.0,1,0,57.0,2
461,1,1,48.0,0,0,26.55,2
554,3,1,22.0,0,0,7.225,0
781,3,0,13.0,0,0,7.2292,0
207,3,1,32.0,1,0,15.85,2
393,3,1,28.0,2,0,7.925,2
398,2,1,46.0,0,0,26.0,2
757,3,1,28.0,0,0,7.7958,2
218,2,1,42.0,1,0,27.0,2
5,3,1,35.0,0,0,8.05,2
643,3,0,2.0,3,2,27.9,2
798,3,0,31.0,0,0,8.6833,2
613,3,0,28.0,1,0,15.5,1
739,3,1,28.0,0,0,7.8958,2
547,2,0,19.0,1,0,26.0,2
726,3,1,20.0,0,0,8.6625,2
684,3,1,14.0,5,2,46.9,2
99,2,0,34.0,0,1,23.0,2
728,3,0,28.0,0,0,7.7375,1
574,3,0,28.0,0,0,7.75,1
407,3,1,51.0,0,0,7.75,2
503,3,0,28.0,0,0,7.6292,1
48,3,0,28.0,0,0,7.75,1
33,3,0,28.0,0,0,7.75,1
201,3,1,28.0,0,0,9.5,2
135,2,1,25.0,0,0,13.0,2
28,1,1,19.0,3,2,263.0,2
848,3,1,35.0,0,0,7.8958,0
231,1,0,35.0,1,0,83.475,2
490,3,1,9.0,1,1,15.9,2
379,3,1,20.0,0,0,4.0125,0
289,2,1,42.0,0,0,13.0,2
419,2,1,30.0,0,0,13.0,2
675,2,1,28.0,0,0,0.0,2
392,3,1,21.0,0,0,7.7958,2
593,3,1,47.0,0,0,7.25,2
499,1,0,25.0,1,2,151.55,2
139,3,1,16.0,0,0,9.2167,2
63,1,1,45.0,1,0,83.475,2
472,3,1,38.0,0,0,8.6625,2
648,1,1,56.0,0,0,35.5,0
129,3,0,28.0,1,1,22.3583,0
868,1,1,31.0,0,0,50.4958,2
521,1,0,30.0,0,0,93.5,2
65,1,1,28.0,0,0,27.7208,0
15,3,0,14.0,0,0,7.8542,2
157,3,0,16.0,0,0,7.7333,1
41,3,0,40.0,1,0,9.475,2
493,1,1,55.0,0,0,30.5,2
380,3,1,19.0,0,0,7.775,2
188,1,1,45.0,0,0,26.55,2
764,1,0,36.0,1,2,120.0,2
217,3,0,27.0,0,0,7.925,2
53,1,0,49.0,1,0,76.7292,0
338,1,0,41.0,0,0,134.5,0
749,1,1,19.0,1,0,53.1,2
720,3,1,33.0,0,0,7.775,2
725,1,1,27.0,1,0,53.1,2
296,1,1,28.0,0,0,27.7208,0
702,1,1,35.0,0,0,26.2875,2
252,3,0,29.0,1,1,10.4625,2
727,2,0,30.0,3,0,21.0,2
462,3,1,34.0,0,0,8.05,2
456,3,1,29.0,0,0,7.8958,0
888,1,0,19.0,0,0,30.0,2
270,1,0,35.0,0,0,135.6333,2
202,3,1,28.0,8,2,69.55,2
162,2,0,40.0,0,0,15.75,2
556,1,1,62.0,0,0,26.55,2
730,3,0,25.0,1,0,7.925,2
402,3,1,26.0,0,0,8.05,2
703,3,0,18.0,0,1,14.4542,0
477,2,1,34.0,1,0,21.0,2
772,3,1,48.0,0,0,7.8542,2
106,3,1,28.0,0,0,7.8958,2
566,3,1,24.0,2,0,24.15,2
390,2,0,17.0,0,0,12.0,0
2,1,0,38.0,1,0,71.2833,0
833,3,1,28.0,0,0,7.2292,0
562,3,1,40.0,0,0,7.8958,2
81,3,1,22.0,0,0,9.0,2
206,3,0,2.0,0,1,10.4625,2
35,1,1,28.0,1,0,82.1708,0
776,3,1,18.0,0,0,7.75,2
509,3,1,28.0,0,0,22.525,2
428,2,0,19.0,0,0,26.0,2
455,3,1,28.0,0,0,8.05,2
367,1,0,60.0,1,0,75.25,0
92,3,1,20.0,0,0,7.8542,2
340,1,1,45.0,0,0,35.5,2
565,3,0,28.0,0,0,8.05,2
346,2,0,24.0,0,0,13.0,2
777,3,1,28.0,0,0,7.75,1
242,3,0,28.0,1,0,15.5,1
14,3,1,39.0,1,5,31.275,2
316,3,0,26.0,0,0,7.8542,2
601,2,0,24.0,2,1,27.0,2
388,2,0,36.0,0,0,13.0,2
274,1,1,37.0,0,1,29.7,0
167,1,0,28.0,0,1,55.0,2
884,2,1,28.0,0,0,10.5,2
647,3,1,19.0,0,0,7.8958,2
819,3,1,43.0,0,0,6.45,2
485,1,1,25.0,1,0,91.0792,0
874,3,1,47.0,0,0,9.0,2
505,1,0,16.0,0,0,86.5,2
832,2,1,0.83,1,1,18.75,2
244,3,1,22.0,0,0,7.125,2
567,3,1,19.0,0,0,7.8958,2
563,2,1,28.0,0,0,13.5,2
687,3,1,14.0,4,1,39.6875,2
190,3,1,36.0,0,0,7.8958,2
783,1,1,29.0,0,0,30.0,2
700,3,1,42.0,0,0,7.65,2
476,1,1,28.0,0,0,52.0,2
682,1,1,27.0,0,0,76.7292,0
511,3,1,29.0,0,0,7.75,1
59,2,0,5.0,1,2,27.75,2
475,3,0,22.0,0,0,9.8375,2
561,3,1,28.0,0,0,7.75,1
748,2,0,30.0,0,0,13.0,2
253,1,1,62.0,0,0,26.55,2
22,2,1,34.0,0,0,13.0,2
314,3,1,28.0,0,0,7.8958,2
460,3,1,28.0,0,0,7.75,1
161,3,1,44.0,0,1,16.1,2
277,3,0,45.0,0,0,7.75,2
192,2,1,19.0,0,0,13.0,2
386,2,1,18.0,0,0,73.5,2
806,3,1,31.0,0,0,7.775,2
414,2,1,28.0,0,0,0.0,2
492,3,1,21.0,0,0,7.25,2
344,2,1,25.0,0,0,13.0,2
770,3,1,32.0,0,0,8.3625,2
309,2,1,30.0,1,0,24.0,0
662,3,1,40.0,0,0,7.225,0
131,3,1,33.0,0,0,7.8958,0
664,3,1,36.0,0,0,7.4958,2
872,1,0,47.0,1,1,52.5542,2
100,2,1,34.0,1,0,26.0,2
373,3,1,19.0,0,0,8.05,2
88,3,1,28.0,0,0,8.05,2
459,2,0,50.0,0,0,10.5,2
331,3,0,28.0,2,0,23.25,1
215,3,1,28.0,1,0,7.75,1
467,2,1,28.0,0,0,0.0,2
122,3,1,28.0,0,0,8.05,2
615,3,1,35.0,0,0,8.05,2
21,2,1,35.0,0,0,26.0,2
701,1,0,18.0,1,0,227.525,0
72,3,0,16.0,5,2,46.9,2
107,3,0,21.0,0,0,7.65,2
271,1,1,28.0,0,0,31.0,2
861,3,1,41.0,2,0,14.1083,2
436,1,0,14.0,1,2,120.0,2
103,1,1,21.0,0,1,77.2875,2
